PERMNO,date,TICKER,COMNAM,PRC,VOL,RET
10107,20070131,MSFT,MICROSOFT CORP,30.86,13390496,0.03349
10107,20070228,MSFT,MICROSOFT CORP,28.17,13007733,-0.083927
10107,20070330,MSFT,MICROSOFT CORP,27.87,12832900,-0.01065
10107,20070430,MSFT,MICROSOFT CORP,29.94,9676052,0.074273
10107,20070531,MSFT,MICROSOFT CORP,30.6901,13176580,0.028393
10107,20070629,MSFT,MICROSOFT CORP,29.47,11884314,-0.039756
10107,20070731,MSFT,MICROSOFT CORP,28.99,13008446,-0.016288
10107,20070831,MSFT,MICROSOFT CORP,28.73,12397224,-0.005519
10107,20070928,MSFT,MICROSOFT CORP,29.46,11168623,0.025409
10107,20071031,MSFT,MICROSOFT CORP,36.81,17744802,0.249491
10107,20071130,MSFT,MICROSOFT CORP,33.6,18330717,-0.084216
10107,20071231,MSFT,MICROSOFT CORP,35.6,10700171,0.059524
10107,20080131,MSFT,MICROSOFT CORP,32.6,19530535,-0.08427
10107,20080229,MSFT,MICROSOFT CORP,27.1999,23258303,-0.162273
10107,20080331,MSFT,MICROSOFT CORP,28.38,14572915,0.043386
10107,20080430,MSFT,MICROSOFT CORP,28.52,14480582,0.004933
10107,20080530,MSFT,MICROSOFT CORP,28.32,14084270,-0.003156
10107,20080630,MSFT,MICROSOFT CORP,27.51,15648014,-0.028602
10107,20080731,MSFT,MICROSOFT CORP,25.72,16420967,-0.065067
10107,20080829,MSFT,MICROSOFT CORP,27.29,12083088,0.065319
10107,20080930,MSFT,MICROSOFT CORP,26.69,19299651,-0.021986
10107,20081031,MSFT,MICROSOFT CORP,22.33,30441987,-0.163357
10107,20081128,MSFT,MICROSOFT CORP,20.22,17985595,-0.08867
10107,20081231,MSFT,MICROSOFT CORP,19.44,15442392,-0.038576
10107,20090130,MSFT,MICROSOFT CORP,17.1,15618965,-0.12037
10107,20090227,MSFT,MICROSOFT CORP,16.15,14630937,-0.047953
10107,20090331,MSFT,MICROSOFT CORP,18.37,16364071,0.137461
10107,20090430,MSFT,MICROSOFT CORP,20.26,15703150,0.102885
10107,20090529,MSFT,MICROSOFT CORP,20.89,11077166,0.037512
10107,20090630,MSFT,MICROSOFT CORP,23.77,14184830,0.137865
10107,20090731,MSFT,MICROSOFT CORP,23.52,15253854,-0.010517
10107,20090831,MSFT,MICROSOFT CORP,24.65,10003985,0.053571
10107,20090930,MSFT,MICROSOFT CORP,25.72,10433262,0.043408
10107,20091030,MSFT,MICROSOFT CORP,27.73,15277741,0.078149
10107,20091130,MSFT,MICROSOFT CORP,29.41,10236442,0.065272
10107,20091231,MSFT,MICROSOFT CORP,30.48,9238424,0.036382
10107,20100129,MSFT,MICROSOFT CORP,28.18,13640561,-0.075459
10107,20100226,MSFT,MICROSOFT CORP,28.67,10779015,0.022001
10107,20100331,MSFT,MICROSOFT CORP,29.2875,11181446,0.021538
10107,20100430,MSFT,MICROSOFT CORP,30.535,13259805,0.042595
10107,20100528,MSFT,MICROSOFT CORP,25.8,17259734,-0.150811
10107,20100630,MSFT,MICROSOFT CORP,23.01,16793127,-0.10814
10107,20100730,MSFT,MICROSOFT CORP,25.81,14132280,0.121686
10107,20100831,MSFT,MICROSOFT CORP,23.465,12827745,-0.085819
10107,20100930,MSFT,MICROSOFT CORP,24.49,12779695,0.043682
10107,20101029,MSFT,MICROSOFT CORP,26.665,12854487,0.088812
10107,20101130,MSFT,MICROSOFT CORP,25.2575,14174423,-0.046784
10107,20101231,MSFT,MICROSOFT CORP,27.91,10367260,0.105018
10107,20110131,MSFT,MICROSOFT CORP,27.725,13658100,-0.006628
10107,20110228,MSFT,MICROSOFT CORP,26.58,11176358,-0.035528
10107,20110331,MSFT,MICROSOFT CORP,25.39,13148095,-0.044771
10107,20110429,MSFT,MICROSOFT CORP,25.92,13175516,0.020874
10107,20110531,MSFT,MICROSOFT CORP,25.01,13677186,-0.028935
10107,20110630,MSFT,MICROSOFT CORP,26,13005667,0.039584
10107,20110729,MSFT,MICROSOFT CORP,27.4,12628983,0.053846
10107,20110831,MSFT,MICROSOFT CORP,26.6,17248617,-0.023358
10107,20110930,MSFT,MICROSOFT CORP,24.89,12834491,-0.064286
10107,20111031,MSFT,MICROSOFT CORP,26.63,12223185,0.069908
10107,20111130,MSFT,MICROSOFT CORP,25.58,10497537,-0.031919
10107,20111230,MSFT,MICROSOFT CORP,25.96,10098074,0.014855
10107,20120131,MSFT,MICROSOFT CORP,29.53,13601072,0.137519
10107,20120229,MSFT,MICROSOFT CORP,31.74,9870347,0.081612
10107,20120330,MSFT,MICROSOFT CORP,32.255,9445449,0.016226
10107,20120430,MSFT,MICROSOFT CORP,32.015,9337134,-0.007441
10107,20120531,MSFT,MICROSOFT CORP,29.19,10123951,-0.081993
10107,20120629,MSFT,MICROSOFT CORP,30.59,9679085,0.047962
10107,20120731,MSFT,MICROSOFT CORP,29.47,8415185,-0.036613
10107,20120831,MSFT,MICROSOFT CORP,30.82,6689457,0.052596
10107,20120928,MSFT,MICROSOFT CORP,29.76,8907887,-0.034393
10107,20121031,MSFT,MICROSOFT CORP,28.54,11047390,-0.040995
10107,20121130,MSFT,MICROSOFT CORP,26.615,12895966,-0.05939
10107,20121231,MSFT,MICROSOFT CORP,26.7097,9389131,0.003558
10107,20130131,MSFT,MICROSOFT CORP,27.45,11363418,0.027717
10107,20130228,MSFT,MICROSOFT CORP,27.8,7736797,0.021129
10107,20130328,MSFT,MICROSOFT CORP,28.605,8372531,0.028957
10107,20130430,MSFT,MICROSOFT CORP,33.1,14536561,0.15714
10107,20130531,MSFT,MICROSOFT CORP,34.9,10663668,0.061329
10107,20130628,MSFT,MICROSOFT CORP,34.545,9394212,-0.010172
10107,20130731,MSFT,MICROSOFT CORP,31.84,11036007,-0.078304
10107,20130830,MSFT,MICROSOFT CORP,33.4,10443426,0.056219
10107,20130930,MSFT,MICROSOFT CORP,33.28,12366043,-0.003593
10107,20131031,MSFT,MICROSOFT CORP,35.405,9633022,0.063852
10107,20131129,MSFT,MICROSOFT CORP,38.13,7965331,0.084875
10107,20131231,MSFT,MICROSOFT CORP,37.41,8202590,-0.018883
10107,20140131,MSFT,MICROSOFT CORP,37.84,9255796,0.011494
10107,20140228,MSFT,MICROSOFT CORP,38.31,7182660,0.01982
10107,20140331,MSFT,MICROSOFT CORP,40.99,7790153,0.069956
10107,20140430,MSFT,MICROSOFT CORP,40.4,7461680,-0.014394
10107,20140530,MSFT,MICROSOFT CORP,40.94,5747041,0.020297
10107,20140630,MSFT,MICROSOFT CORP,41.7,5566350,0.018564
10107,20140731,MSFT,MICROSOFT CORP,43.16,7327822,0.035012
10107,20140829,MSFT,MICROSOFT CORP,45.43,5139717,0.059082
10107,20140930,MSFT,MICROSOFT CORP,46.36,8609490,0.020471
10107,20141031,MSFT,MICROSOFT CORP,46.95,8533427,0.012726
10107,20141128,MSFT,MICROSOFT CORP,47.81,5230103,0.02492
10107,20141231,MSFT,MICROSOFT CORP,46.45,6287260,-0.028446
10107,20150130,MSFT,MICROSOFT CORP,40.4,9190983,-0.130248
10107,20150227,MSFT,MICROSOFT CORP,43.85,6564632,0.093069
10107,20150331,MSFT,MICROSOFT CORP,40.655,8243346,-0.072862
10107,20150430,MSFT,MICROSOFT CORP,48.64,8745897,0.196409
10107,20150529,MSFT,MICROSOFT CORP,46.86,6331563,-0.030222
10107,20150630,MSFT,MICROSOFT CORP,44.15,6649349,-0.057832
10107,20150731,MSFT,MICROSOFT CORP,46.7,7256877,0.057758
10107,20150831,MSFT,MICROSOFT CORP,43.52,7769602,-0.061456
10107,20150930,MSFT,MICROSOFT CORP,44.26,6740501,0.017004
10107,20151030,MSFT,MICROSOFT CORP,52.64,8580914,0.189336
10107,20151130,MSFT,MICROSOFT CORP,54.35,6634965,0.039324
10107,20151231,MSFT,MICROSOFT CORP,55.48,7934234,0.020791
11850,20070131,XOM,EXXON MOBIL CORP,74.1,5048420,-0.033016
11850,20070228,XOM,EXXON MOBIL CORP,71.68,4016740,-0.02834
11850,20070330,XOM,EXXON MOBIL CORP,75.45,6123735,0.052595
11850,20070430,XOM,EXXON MOBIL CORP,79.38,4527110,0.052087
11850,20070531,XOM,EXXON MOBIL CORP,83.17,4466289,0.052154
11850,20070629,XOM,EXXON MOBIL CORP,83.88,5072519,0.008537
11850,20070731,XOM,EXXON MOBIL CORP,85.13,5596511,0.014902
11850,20070831,XOM,EXXON MOBIL CORP,85.73,6874294,0.011159
11850,20070928,XOM,EXXON MOBIL CORP,92.56,4462503,0.079669
11850,20071031,XOM,EXXON MOBIL CORP,91.99,5135047,-0.006158
11850,20071130,XOM,EXXON MOBIL CORP,89.16,5479184,-0.026959
11850,20071231,XOM,EXXON MOBIL CORP,93.69,3866979,0.050808
11850,20080131,XOM,EXXON MOBIL CORP,86.4,6156267,-0.07781
11850,20080229,XOM,EXXON MOBIL CORP,87.01,4910748,0.011111
11850,20080331,XOM,EXXON MOBIL CORP,84.58,6087677,-0.027928
11850,20080430,XOM,EXXON MOBIL CORP,93.07,4830980,0.100378
11850,20080530,XOM,EXXON MOBIL CORP,88.76,5758718,-0.042011
11850,20080630,XOM,EXXON MOBIL CORP,88.13,5657684,-0.007098
11850,20080731,XOM,EXXON MOBIL CORP,80.43,6854842,-0.087371
11850,20080829,XOM,EXXON MOBIL CORP,80.01,5430527,-0.000249
11850,20080930,XOM,EXXON MOBIL CORP,77.66,7709190,-0.029371
11850,20081031,XOM,EXXON MOBIL CORP,74.12,13845105,-0.045583
11850,20081128,XOM,EXXON MOBIL CORP,80.15,10076141,0.086751
11850,20081231,XOM,EXXON MOBIL CORP,79.83,9977666,-0.003993
11850,20090130,XOM,EXXON MOBIL CORP,76.48,8447808,-0.041964
11850,20090227,XOM,EXXON MOBIL CORP,67.9,7715785,-0.106956
11850,20090331,XOM,EXXON MOBIL CORP,68.1,9335388,0.002945
11850,20090430,XOM,EXXON MOBIL CORP,66.67,6328963,-0.020999
11850,20090529,XOM,EXXON MOBIL CORP,69.35,5305886,0.046498
11850,20090630,XOM,EXXON MOBIL CORP,69.91,5970244,0.008075
11850,20090731,XOM,EXXON MOBIL CORP,70.39,5603673,0.006866
11850,20090831,XOM,EXXON MOBIL CORP,69.15,4377095,-0.011649
11850,20090930,XOM,EXXON MOBIL CORP,68.61,4192284,-0.007809
11850,20091030,XOM,EXXON MOBIL CORP,71.67,5013427,0.0446
11850,20091130,XOM,EXXON MOBIL CORP,75.07,3564544,0.0533
11850,20091231,XOM,EXXON MOBIL CORP,68.19,6489832,-0.091648
11850,20100129,XOM,EXXON MOBIL CORP,64.43,5965357,-0.05514
11850,20100226,XOM,EXXON MOBIL CORP,65,5348905,0.015366
11850,20100331,XOM,EXXON MOBIL CORP,66.98,5828071,0.030462
11850,20100430,XOM,EXXON MOBIL CORP,67.77,5313388,0.011794
11850,20100528,XOM,EXXON MOBIL CORP,60.46,7687117,-0.101372
11850,20100630,XOM,EXXON MOBIL CORP,57.07,8085676,-0.05607
11850,20100730,XOM,EXXON MOBIL CORP,59.68,6135343,0.045733
11850,20100831,XOM,EXXON MOBIL CORP,59.11,4757384,-0.002178
11850,20100930,XOM,EXXON MOBIL CORP,61.79,4234216,0.045339
11850,20101029,XOM,EXXON MOBIL CORP,66.49,4304986,0.076064
11850,20101130,XOM,EXXON MOBIL CORP,69.56,4864111,0.05279
11850,20101231,XOM,EXXON MOBIL CORP,73.12,4092743,0.051179
11850,20110131,XOM,EXXON MOBIL CORP,80.68,4494291,0.103392
11850,20110228,XOM,EXXON MOBIL CORP,85.53,4436565,0.065568
11850,20110331,XOM,EXXON MOBIL CORP,84.13,4396444,-0.016369
11850,20110429,XOM,EXXON MOBIL CORP,87.98,3099523,0.045763
11850,20110531,XOM,EXXON MOBIL CORP,83.47,4040538,-0.04592
11850,20110630,XOM,EXXON MOBIL CORP,81.38,4444463,-0.025039
11850,20110729,XOM,EXXON MOBIL CORP,79.79,3755057,-0.019538
11850,20110831,XOM,EXXON MOBIL CORP,74.02,7742181,-0.066424
11850,20110930,XOM,EXXON MOBIL CORP,72.63,5505658,-0.018779
11850,20111031,XOM,EXXON MOBIL CORP,78.09,5141993,0.075176
11850,20111130,XOM,EXXON MOBIL CORP,80.44,4443710,0.036112
11850,20111230,XOM,EXXON MOBIL CORP,84.76,3801837,0.053705
11850,20120131,XOM,EXXON MOBIL CORP,83.74,3335805,-0.012034
11850,20120229,XOM,EXXON MOBIL CORP,86.5,3007435,0.038572
11850,20120330,XOM,EXXON MOBIL CORP,86.73,3389348,0.002659
11850,20120430,XOM,EXXON MOBIL CORP,86.34,2995651,-0.004497
11850,20120531,XOM,EXXON MOBIL CORP,78.63,3537221,-0.082696
11850,20120629,XOM,EXXON MOBIL CORP,85.57,4980407,0.088262
11850,20120731,XOM,EXXON MOBIL CORP,86.85,3143523,0.014958
11850,20120831,XOM,EXXON MOBIL CORP,87.3,2480299,0.011744
11850,20120928,XOM,EXXON MOBIL CORP,91.45,2542257,0.047537
11850,20121031,XOM,EXXON MOBIL CORP,91.17,2411359,-0.003062
11850,20121130,XOM,EXXON MOBIL CORP,88.14,2857054,-0.026983
11850,20121231,XOM,EXXON MOBIL CORP,86.55,2824749,-0.018039
11850,20130131,XOM,EXXON MOBIL CORP,89.97,2615235,0.039515
11850,20130228,XOM,EXXON MOBIL CORP,89.55,2371979,0.001667
11850,20130328,XOM,EXXON MOBIL CORP,90.11,2650716,0.006253
11850,20130430,XOM,EXXON MOBIL CORP,88.99,2964028,-0.012429
11850,20130531,XOM,EXXON MOBIL CORP,90.47,2761396,0.023711
11850,20130628,XOM,EXXON MOBIL CORP,90.35,2918229,-0.001326
11850,20130731,XOM,EXXON MOBIL CORP,93.75,2378340,0.037631
11850,20130830,XOM,EXXON MOBIL CORP,87.16,2716749,-0.063573
11850,20130930,XOM,EXXON MOBIL CORP,86.04,2386114,-0.01285
11850,20131031,XOM,EXXON MOBIL CORP,89.62,2877325,0.041609
11850,20131129,XOM,EXXON MOBIL CORP,93.48,2503937,0.0501
11850,20131231,XOM,EXXON MOBIL CORP,101.2,2693298,0.082584
11850,20140131,XOM,EXXON MOBIL CORP,92.16,2570056,-0.089328
11850,20140228,XOM,EXXON MOBIL CORP,96.27,2537593,0.051432
11850,20140331,XOM,EXXON MOBIL CORP,97.68,2557281,0.014646
11850,20140430,XOM,EXXON MOBIL CORP,102.41,2309492,0.048423
11850,20140530,XOM,EXXON MOBIL CORP,100.53,1798890,-0.01162
11850,20140630,XOM,EXXON MOBIL CORP,100.68,2089830,0.001492
11850,20140731,XOM,EXXON MOBIL CORP,98.94,1894342,-0.017282
11850,20140829,XOM,EXXON MOBIL CORP,99.46,1875023,0.01223
11850,20140930,XOM,EXXON MOBIL CORP,94.05,2319138,-0.054394
11850,20141031,XOM,EXXON MOBIL CORP,96.71,3421723,0.028283
11850,20141128,XOM,EXXON MOBIL CORP,90.54,2181390,-0.056664
11850,20141231,XOM,EXXON MOBIL CORP,92.45,4010591,0.021096
11850,20150130,XOM,EXXON MOBIL CORP,87.42,3268194,-0.054408
11850,20150227,XOM,EXXON MOBIL CORP,88.54,2764475,0.020705
11850,20150331,XOM,EXXON MOBIL CORP,85,3302603,-0.039982
11850,20150430,XOM,EXXON MOBIL CORP,87.37,2516713,0.027882
11850,20150529,XOM,EXXON MOBIL CORP,85.2,1989238,-0.016482
11850,20150630,XOM,EXXON MOBIL CORP,83.2,2388089,-0.023474
11850,20150731,XOM,EXXON MOBIL CORP,79.21,2740288,-0.047957
11850,20150831,XOM,EXXON MOBIL CORP,75.24,3879407,-0.040904
11850,20150930,XOM,EXXON MOBIL CORP,74.35,3166445,-0.011829
11850,20151030,XOM,EXXON MOBIL CORP,82.74,3181261,0.112845
11850,20151130,XOM,EXXON MOBIL CORP,81.66,2642081,-0.00423
11850,20151231,XOM,EXXON MOBIL CORP,77.95,3670690,-0.045432
14593,20070131,AAPL,APPLE INC,85.73,9784726,0.01049
14593,20070228,AAPL,APPLE INC,84.61,4911382,-0.013064
14593,20070330,AAPL,APPLE INC,92.91,5696711,0.098097
14593,20070430,AAPL,APPLE INC,99.8,4835614,0.074158
14593,20070531,AAPL,APPLE INC,121.191,6124188,0.214339
14593,20070629,AAPL,APPLE INC,122.04,8340732,0.007005
14593,20070731,AAPL,APPLE INC,131.75999,8638940,0.079646
14593,20070831,AAPL,APPLE INC,138.48,8708524,0.051002
14593,20070928,AAPL,APPLE INC,153.47,7481420,0.108247
14593,20071031,AAPL,APPLE INC,189.95,8322211,0.237701
14593,20071130,AAPL,APPLE INC,182.22,9362944,-0.040695
14593,20071231,AAPL,APPLE INC,198.08,6166526,0.087038
14593,20080131,AAPL,APPLE INC,135.36,12571229,-0.31664
14593,20080229,AAPL,APPLE INC,125.02,8881250,-0.076389
14593,20080331,AAPL,APPLE INC,143.5,8196283,0.147816
14593,20080430,AAPL,APPLE INC,173.95,8147836,0.212195
14593,20080530,AAPL,APPLE INC,188.75,6641516,0.085082
14593,20080630,AAPL,APPLE INC,167.44,6959619,-0.112901
14593,20080731,AAPL,APPLE INC,158.95,7055404,-0.050705
14593,20080829,AAPL,APPLE INC,169.53,4674638,0.066562
14593,20080930,AAPL,APPLE INC,113.66,8597382,-0.329558
14593,20081031,AAPL,APPLE INC,107.59,14799055,-0.053405
14593,20081128,AAPL,APPLE INC,92.67,8441033,-0.138675
14593,20081231,AAPL,APPLE INC,85.35,7285237,-0.07899
14593,20090130,AAPL,APPLE INC,90.13,6527919,0.056005
14593,20090227,AAPL,APPLE INC,89.31,5153913,-0.009098
14593,20090331,AAPL,APPLE INC,105.12,5728764,0.177024
14593,20090430,AAPL,APPLE INC,125.83,4340566,0.197013
14593,20090529,AAPL,APPLE INC,135.81,3465709,0.079313
14593,20090630,AAPL,APPLE INC,142.42999,4639900,0.048745
14593,20090731,AAPL,APPLE INC,163.39,4003812,0.14716
14593,20090831,AAPL,APPLE INC,168.21001,3010562,0.0295
14593,20090930,AAPL,APPLE INC,185.35001,3687867,0.101896
14593,20091030,AAPL,APPLE INC,188.5,4763374,0.016995
14593,20091130,AAPL,APPLE INC,199.91,3116096,0.060531
14593,20091231,AAPL,APPLE INC,210.73199,4186200,0.054134
14593,20100129,AAPL,APPLE INC,192.063,5575899,-0.088591
14593,20100226,AAPL,APPLE INC,204.62,3948388,0.06538
14593,20100331,AAPL,APPLE INC,235,4451058,0.14847
14593,20100430,AAPL,APPLE INC,261.09,4539345,0.111021
14593,20100528,AAPL,APPLE INC,256.88,6656423,-0.016125
14593,20100630,AAPL,APPLE INC,251.53,6132684,-0.020827
14593,20100730,AAPL,APPLE INC,257.25,5775158,0.022741
14593,20100831,AAPL,APPLE INC,243.10001,3554056,-0.055005
14593,20100930,AAPL,APPLE INC,283.75,4387687,0.167215
14593,20101029,AAPL,APPLE INC,300.98001,4529149,0.060723
14593,20101130,AAPL,APPLE INC,311.14999,3525278,0.03379
14593,20101231,AAPL,APPLE INC,322.56,2580173,0.03667
14593,20110131,AAPL,APPLE INC,339.32001,4017673,0.051959
14593,20110228,AAPL,APPLE INC,353.20999,3459849,0.040935
14593,20110331,AAPL,APPLE INC,348.50751,4253054,-0.013314
14593,20110429,AAPL,APPLE INC,350.13,3437440,0.004656
14593,20110531,AAPL,APPLE INC,347.82999,2580262,-0.006569
14593,20110630,AAPL,APPLE INC,335.67001,3449685,-0.03496
14593,20110729,AAPL,APPLE INC,390.48001,3929412,0.163285
14593,20110831,AAPL,APPLE INC,384.82999,5981498,-0.014469
14593,20110930,AAPL,APPLE INC,381.32001,4428460,-0.009121
14593,20111031,AAPL,APPLE INC,404.78,4844030,0.061523
14593,20111130,AAPL,APPLE INC,382.20001,3300869,-0.055783
14593,20111230,AAPL,APPLE INC,405,2327054,0.059655
14593,20120131,AAPL,APPLE INC,456.48001,2529489,0.127111
14593,20120229,AAPL,APPLE INC,542.44,4208016,0.188311
14593,20120330,AAPL,APPLE INC,599.54999,5751713,0.105284
14593,20120430,AAPL,APPLE INC,583.97998,5815315,-0.025969
14593,20120531,AAPL,APPLE INC,577.72998,4145678,-0.010702
14593,20120629,AAPL,APPLE INC,584,2927706,0.010853
14593,20120731,AAPL,APPLE INC,610.76001,3336045,0.045822
14593,20120831,AAPL,APPLE INC,665.23999,3104998,0.093539
14593,20120928,AAPL,APPLE INC,667.10498,3438905,0.002803
14593,20121031,AAPL,APPLE INC,595.32001,4539999,-0.107607
14593,20121130,AAPL,APPLE INC,585.28003,4629601,-0.012413
14593,20121231,AAPL,APPLE INC,532.17291,4472556,-0.090738
14593,20130131,AAPL,APPLE INC,455.48999,4864029,-0.144094
14593,20130228,AAPL,APPLE INC,441.39999,3474204,-0.025116
14593,20130328,AAPL,APPLE INC,442.66,3418252,0.002855
14593,20130430,AAPL,APPLE INC,442.78,4103155,0.000271
14593,20130531,AAPL,APPLE INC,449.73499,3507527,0.022596
14593,20130628,AAPL,APPLE INC,396.53,2611351,-0.118303
14593,20130731,AAPL,APPLE INC,452.53,2431461,0.141225
14593,20130830,AAPL,APPLE INC,487.216,2997612,0.083389
14593,20130930,AAPL,APPLE INC,476.75,3214144,-0.021481
14593,20131031,AAPL,APPLE INC,522.70203,2948696,0.096386
14593,20131129,AAPL,APPLE INC,556.07001,1952387,0.069673
14593,20131231,AAPL,APPLE INC,561.02002,2547642,0.008902
14593,20140131,AAPL,APPLE INC,500.60001,3188098,-0.107697
14593,20140228,AAPL,APPLE INC,526.23999,2111318,0.057311
14593,20140331,AAPL,APPLE INC,536.73999,1794860,0.019953
14593,20140430,AAPL,APPLE INC,590.09003,2299269,0.099396
14593,20140530,AAPL,APPLE INC,633,2051679,0.078293
14593,20140630,AAPL,APPLE INC,92.93,8535462,0.027662
14593,20140731,AAPL,APPLE INC,95.6,10375564,0.028731
14593,20140829,AAPL,APPLE INC,102.5,9380685,0.077092
14593,20140930,AAPL,APPLE INC,100.75,15283673,-0.017073
14593,20141031,AAPL,APPLE INC,108,13609713,0.07196
14593,20141128,AAPL,APPLE INC,118.93,8213451,0.105556
14593,20141231,AAPL,APPLE INC,110.38,10766123,-0.071891
14593,20150130,AAPL,APPLE INC,117.16,13062738,0.061424
14593,20150227,AAPL,APPLE INC,128.46001,11373392,0.100461
14593,20150331,AAPL,APPLE INC,124.43,11389236,-0.031372
14593,20150430,AAPL,APPLE INC,125.15,9962108,0.005786
14593,20150529,AAPL,APPLE INC,130.28,9552599,0.045146
14593,20150630,AAPL,APPLE INC,125.425,8789027,-0.037266
14593,20150731,AAPL,APPLE INC,121.3,10600330,-0.032888
14593,20150831,AAPL,APPLE INC,112.76,16079713,-0.066117
14593,20150930,AAPL,APPLE INC,110.3,12091001,-0.021816
14593,20151030,AAPL,APPLE INC,119.5,11147142,0.083409
14593,20151130,AAPL,APPLE INC,118.3,7517860,-0.00569
14593,20151231,AAPL,APPLE INC,105.26,9237703,-0.110228
19350,20070131,DE,DEERE & CO,100.28,431262,0.054802
19350,20070228,DE,DEERE & CO,108.29,494063,0.079876
19350,20070330,DE,DEERE & CO,108.64,617161,0.007295
19350,20070430,DE,DEERE & CO,109.4,459273,0.006996
19350,20070531,DE,DEERE & CO,120.47,722774,0.101188
19350,20070629,DE,DEERE & CO,120.74,521748,0.005894
19350,20070731,DE,DEERE & CO,120.42,488970,-0.00265
19350,20070831,DE,DEERE & CO,136.06,731436,0.129879
19350,20070928,DE,DEERE & CO,148.42,492047,0.094517
19350,20071031,DE,DEERE & CO,154.89999,521804,0.04366
19350,20071130,DE,DEERE & CO,171.8,651982,0.109103
19350,20071231,DE,DEERE & CO,93.12,807272,0.086962
19350,20080131,DE,DEERE & CO,87.56,1432280,-0.059708
19350,20080229,DE,DEERE & CO,85.21,1006944,-0.026839
19350,20080331,DE,DEERE & CO,80.44,1061799,-0.053045
19350,20080430,DE,DEERE & CO,84.07,1113588,0.045127
19350,20080530,DE,DEERE & CO,81.34,1411823,-0.032473
19350,20080630,DE,DEERE & CO,72.13,1164743,-0.109786
19350,20080731,DE,DEERE & CO,70.16,1380522,-0.027312
19350,20080829,DE,DEERE & CO,70.57,1138616,0.005844
19350,20080930,DE,DEERE & CO,49.5,1183583,-0.294601
19350,20081031,DE,DEERE & CO,38.56,2367654,-0.22101
19350,20081128,DE,DEERE & CO,34.81,1201058,-0.097251
19350,20081231,DE,DEERE & CO,38.32,1128669,0.108877
19350,20090130,DE,DEERE & CO,34.74,1205526,-0.093424
19350,20090227,DE,DEERE & CO,27.49,1415529,-0.208693
19350,20090331,DE,DEERE & CO,32.87,1524169,0.205893
19350,20090430,DE,DEERE & CO,41.26,1235691,0.255248
19350,20090529,DE,DEERE & CO,43.47,1205616,0.053563
19350,20090630,DE,DEERE & CO,39.95,1180237,-0.074534
19350,20090731,DE,DEERE & CO,43.74,1013145,0.094869
19350,20090831,DE,DEERE & CO,43.6,1031913,-0.003201
19350,20090930,DE,DEERE & CO,42.92,1174080,-0.009174
19350,20091030,DE,DEERE & CO,45.55,1368141,0.061277
19350,20091130,DE,DEERE & CO,53.51,1203395,0.174753
19350,20091231,DE,DEERE & CO,54.09,921010,0.016072
19350,20100129,DE,DEERE & CO,49.95,940015,-0.076539
19350,20100226,DE,DEERE & CO,57.3,1008118,0.147147
19350,20100331,DE,DEERE & CO,59.46,1026789,0.042583
19350,20100430,DE,DEERE & CO,59.82,726620,0.006055
19350,20100528,DE,DEERE & CO,57.68,1190537,-0.035774
19350,20100630,DE,DEERE & CO,55.68,1123259,-0.029473
19350,20100730,DE,DEERE & CO,66.68,904377,0.197557
19350,20100831,DE,DEERE & CO,63.27,1035320,-0.05114
19350,20100930,DE,DEERE & CO,69.78,882663,0.107634
19350,20101029,DE,DEERE & CO,76.8,911393,0.100602
19350,20101130,DE,DEERE & CO,74.7,800252,-0.027344
19350,20101231,DE,DEERE & CO,83.05,718893,0.116466
19350,20110131,DE,DEERE & CO,90.9,735527,0.094521
19350,20110228,DE,DEERE & CO,90.15,950366,-0.008251
19350,20110331,DE,DEERE & CO,96.89,1045555,0.078647
19350,20110429,DE,DEERE & CO,97.5,722001,0.006296
19350,20110531,DE,DEERE & CO,86.08,1134152,-0.117128
19350,20110630,DE,DEERE & CO,82.45,1145729,-0.037407
19350,20110729,DE,DEERE & CO,78.51,1042293,-0.047786
19350,20110831,DE,DEERE & CO,80.82,1596591,0.029423
19350,20110930,DE,DEERE & CO,64.57,1100344,-0.195991
19350,20111031,DE,DEERE & CO,75.9,1173190,0.175469
19350,20111130,DE,DEERE & CO,79.25,998228,0.044137
19350,20111230,DE,DEERE & CO,77.35,722000,-0.018801
19350,20120131,DE,DEERE & CO,86.15,789248,0.113769
19350,20120229,DE,DEERE & CO,82.93,773733,-0.037377
19350,20120330,DE,DEERE & CO,80.9,861651,-0.018932
19350,20120430,DE,DEERE & CO,82.36,742544,0.018047
19350,20120531,DE,DEERE & CO,73.87,844429,-0.103084
19350,20120629,DE,DEERE & CO,80.87,765064,0.100988
19350,20120731,DE,DEERE & CO,76.82,783734,-0.05008
19350,20120831,DE,DEERE & CO,75.11,1178887,-0.02226
19350,20120928,DE,DEERE & CO,82.47,724961,0.104114
19350,20121031,DE,DEERE & CO,85.44,626710,0.036013
19350,20121130,DE,DEERE & CO,84.05,691656,-0.016269
19350,20121231,DE,DEERE & CO,86.42,488286,0.03367
19350,20130131,DE,DEERE & CO,94.06,556815,0.088405
19350,20130228,DE,DEERE & CO,87.83,629756,-0.066234
19350,20130328,DE,DEERE & CO,85.98,602265,-0.015257
19350,20130430,DE,DEERE & CO,89.3,603005,0.038614
19350,20130531,DE,DEERE & CO,87.11,789674,-0.024524
19350,20130628,DE,DEERE & CO,81.25,648914,-0.061417
19350,20130731,DE,DEERE & CO,83.07,628633,0.0224
19350,20130830,DE,DEERE & CO,83.64,844136,0.006862
19350,20130930,DE,DEERE & CO,81.39,578559,-0.020803
19350,20131031,DE,DEERE & CO,81.84,632097,0.005529
19350,20131129,DE,DEERE & CO,84.24,702210,0.029326
19350,20131231,DE,DEERE & CO,91.33,703150,0.090218
19350,20140131,DE,DEERE & CO,85.96,613895,-0.058798
19350,20140228,DE,DEERE & CO,85.93,603499,-0.000349
19350,20140331,DE,DEERE & CO,90.8,648719,0.062609
19350,20140430,DE,DEERE & CO,93.34,577449,0.027973
19350,20140530,DE,DEERE & CO,91.17,515601,-0.023248
19350,20140630,DE,DEERE & CO,90.55,473943,-0.000219
19350,20140731,DE,DEERE & CO,85.11,723410,-0.060077
19350,20140829,DE,DEERE & CO,84.09,748737,-0.011985
19350,20140930,DE,DEERE & CO,81.99,808211,-0.017838
19350,20141031,DE,DEERE & CO,85.54,1025697,0.043298
19350,20141128,DE,DEERE & CO,86.62,662878,0.012626
19350,20141231,DE,DEERE & CO,88.47,599713,0.028284
19350,20150130,DE,DEERE & CO,85.19,586893,-0.037075
19350,20150227,DE,DEERE & CO,90.6,514259,0.063505
19350,20150331,DE,DEERE & CO,87.69,604314,-0.025497
19350,20150430,DE,DEERE & CO,90.52,476025,0.032273
19350,20150529,DE,DEERE & CO,93.68,633895,0.034909
19350,20150630,DE,DEERE & CO,97.05,599077,0.042378
19350,20150731,DE,DEERE & CO,94.57,554386,-0.025554
19350,20150831,DE,DEERE & CO,81.78,793983,-0.135244
19350,20150930,DE,DEERE & CO,74,807921,-0.087797
19350,20151030,DE,DEERE & CO,78,828518,0.054054
19350,20151130,DE,DEERE & CO,79.57,759408,0.020128
19350,20151231,DE,DEERE & CO,76.27,697591,-0.033932
22111,20070131,JNJ,JOHNSON & JOHNSON,66.8,1756485,0.011815
22111,20070228,JNJ,JOHNSON & JOHNSON,62.93,1924198,-0.05232
22111,20070330,JNJ,JOHNSON & JOHNSON,60.26,3187544,-0.042428
22111,20070430,JNJ,JOHNSON & JOHNSON,64.22,2490509,0.065715
22111,20070531,JNJ,JOHNSON & JOHNSON,63.27,2813710,-0.008331
22111,20070629,JNJ,JOHNSON & JOHNSON,61.62,2601603,-0.026079
22111,20070731,JNJ,JOHNSON & JOHNSON,60.5,2903832,-0.018176
22111,20070831,JNJ,JOHNSON & JOHNSON,61.79,3309702,0.028182
22111,20070928,JNJ,JOHNSON & JOHNSON,65.7,2205720,0.063279
22111,20071031,JNJ,JOHNSON & JOHNSON,65.17,2327586,-0.008067
22111,20071130,JNJ,JOHNSON & JOHNSON,67.74,2848352,0.045803
22111,20071231,JNJ,JOHNSON & JOHNSON,66.7,1972371,-0.015353
22111,20080131,JNJ,JOHNSON & JOHNSON,63.14,3402773,-0.053373
22111,20080229,JNJ,JOHNSON & JOHNSON,61.96,2189288,-0.012116
22111,20080331,JNJ,JOHNSON & JOHNSON,64.87,2754169,0.046966
22111,20080430,JNJ,JOHNSON & JOHNSON,67.09,2219625,0.034222
22111,20080530,JNJ,JOHNSON & JOHNSON,66.74,2199626,0.00164
22111,20080630,JNJ,JOHNSON & JOHNSON,64.34,2284999,-0.03596
22111,20080731,JNJ,JOHNSON & JOHNSON,68.47,3086254,0.06419
22111,20080829,JNJ,JOHNSON & JOHNSON,70.43,2240646,0.035344
22111,20080930,JNJ,JOHNSON & JOHNSON,69.28,3675272,-0.016328
22111,20081031,JNJ,JOHNSON & JOHNSON,61.34,6404750,-0.114607
22111,20081128,JNJ,JOHNSON & JOHNSON,58.58,3760199,-0.037496
22111,20081231,JNJ,JOHNSON & JOHNSON,59.83,3155594,0.021338
22111,20090130,JNJ,JOHNSON & JOHNSON,57.69,3496783,-0.035768
22111,20090227,JNJ,JOHNSON & JOHNSON,50,3083802,-0.125325
22111,20090331,JNJ,JOHNSON & JOHNSON,52.6,4233793,0.052
22111,20090430,JNJ,JOHNSON & JOHNSON,52.36,3064272,-0.004563
22111,20090529,JNJ,JOHNSON & JOHNSON,55.16,2572865,0.062834
22111,20090630,JNJ,JOHNSON & JOHNSON,56.8,3017451,0.029732
22111,20090731,JNJ,JOHNSON & JOHNSON,60.89,2703647,0.072007
22111,20090831,JNJ,JOHNSON & JOHNSON,60.44,2118832,0.000657
22111,20090930,JNJ,JOHNSON & JOHNSON,60.89,1974654,0.007445
22111,20091030,JNJ,JOHNSON & JOHNSON,59.05,2803150,-0.030218
22111,20091130,JNJ,JOHNSON & JOHNSON,62.84,2334247,0.072481
22111,20091231,JNJ,JOHNSON & JOHNSON,64.41,2123013,0.024984
22111,20100129,JNJ,JOHNSON & JOHNSON,62.86,2451386,-0.024065
22111,20100226,JNJ,JOHNSON & JOHNSON,63,2133419,0.010022
22111,20100331,JNJ,JOHNSON & JOHNSON,65.2,2499941,0.034921
22111,20100430,JNJ,JOHNSON & JOHNSON,64.3,2358672,-0.013804
22111,20100528,JNJ,JOHNSON & JOHNSON,58.3,3578528,-0.084915
22111,20100630,JNJ,JOHNSON & JOHNSON,59.06,3573650,0.013036
22111,20100730,JNJ,JOHNSON & JOHNSON,58.09,3107301,-0.016424
22111,20100831,JNJ,JOHNSON & JOHNSON,57.02,2394217,-0.009124
22111,20100930,JNJ,JOHNSON & JOHNSON,61.96,2094443,0.086636
22111,20101029,JNJ,JOHNSON & JOHNSON,63.74,2087964,0.028728
22111,20101130,JNJ,JOHNSON & JOHNSON,61.55,2214702,-0.025886
22111,20101231,JNJ,JOHNSON & JOHNSON,61.85,2122018,0.004874
22111,20110131,JNJ,JOHNSON & JOHNSON,59.77,2572851,-0.03363
22111,20110228,JNJ,JOHNSON & JOHNSON,61.44,1999696,0.036975
22111,20110331,JNJ,JOHNSON & JOHNSON,59.25,2546856,-0.035645
22111,20110429,JNJ,JOHNSON & JOHNSON,65.72,2710199,0.109198
22111,20110531,JNJ,JOHNSON & JOHNSON,67.29,2709923,0.032562
22111,20110630,JNJ,JOHNSON & JOHNSON,66.52,2318243,-0.011443
22111,20110729,JNJ,JOHNSON & JOHNSON,64.79,2026323,-0.026007
22111,20110831,JNJ,JOHNSON & JOHNSON,65.8,4915039,0.024387
22111,20110930,JNJ,JOHNSON & JOHNSON,63.69,2648758,-0.032067
22111,20111031,JNJ,JOHNSON & JOHNSON,64.39,2515127,0.010991
22111,20111130,JNJ,JOHNSON & JOHNSON,64.72,2369279,0.013977
22111,20111230,JNJ,JOHNSON & JOHNSON,65.58,2102936,0.013288
22111,20120131,JNJ,JOHNSON & JOHNSON,65.91,2121514,0.005032
22111,20120229,JNJ,JOHNSON & JOHNSON,65.08,1923791,-0.003945
22111,20120330,JNJ,JOHNSON & JOHNSON,65.96,2081699,0.013522
22111,20120430,JNJ,JOHNSON & JOHNSON,65.1,2290708,-0.013038
22111,20120531,JNJ,JOHNSON & JOHNSON,62.43,2780279,-0.031644
22111,20120629,JNJ,JOHNSON & JOHNSON,67.56,4511622,0.082172
22111,20120731,JNJ,JOHNSON & JOHNSON,69.22,2733580,0.024571
22111,20120831,JNJ,JOHNSON & JOHNSON,67.43,2241052,-0.017047
22111,20120928,JNJ,JOHNSON & JOHNSON,68.91,2002430,0.021949
22111,20121031,JNJ,JOHNSON & JOHNSON,70.82,2671611,0.027717
22111,20121130,JNJ,JOHNSON & JOHNSON,69.73,2116702,-0.006778
22111,20121231,JNJ,JOHNSON & JOHNSON,70.1,2326311,0.005306
22111,20130131,JNJ,JOHNSON & JOHNSON,73.92,2098459,0.054494
22111,20130228,JNJ,JOHNSON & JOHNSON,76.11,1779932,0.037879
22111,20130328,JNJ,JOHNSON & JOHNSON,81.53,1934393,0.071213
22111,20130430,JNJ,JOHNSON & JOHNSON,85.23,2187539,0.045382
22111,20130531,JNJ,JOHNSON & JOHNSON,84.18,2207448,-0.004576
22111,20130628,JNJ,JOHNSON & JOHNSON,85.86,2105693,0.019957
22111,20130731,JNJ,JOHNSON & JOHNSON,93.5,2003466,0.088982
22111,20130830,JNJ,JOHNSON & JOHNSON,86.41,2042768,-0.06877
22111,20130930,JNJ,JOHNSON & JOHNSON,86.69,1589466,0.00324
22111,20131031,JNJ,JOHNSON & JOHNSON,92.61,1730790,0.068289
22111,20131129,JNJ,JOHNSON & JOHNSON,94.66,1310664,0.029263
22111,20131231,JNJ,JOHNSON & JOHNSON,91.59,1511024,-0.032432
22111,20140131,JNJ,JOHNSON & JOHNSON,88.47,1931350,-0.034065
22111,20140228,JNJ,JOHNSON & JOHNSON,92.12,1624282,0.048717
22111,20140331,JNJ,JOHNSON & JOHNSON,98.23,1813611,0.066327
22111,20140430,JNJ,JOHNSON & JOHNSON,101.29,1802755,0.031151
22111,20140530,JNJ,JOHNSON & JOHNSON,101.46,1246641,0.008589
22111,20140630,JNJ,JOHNSON & JOHNSON,104.62,1240291,0.031145
22111,20140731,JNJ,JOHNSON & JOHNSON,100.09,1488376,-0.0433
22111,20140829,JNJ,JOHNSON & JOHNSON,103.73,1201750,0.043361
22111,20140930,JNJ,JOHNSON & JOHNSON,106.59,1306019,0.027572
22111,20141031,JNJ,JOHNSON & JOHNSON,107.78,2326723,0.011164
22111,20141128,JNJ,JOHNSON & JOHNSON,108.25,1256793,0.010855
22111,20141231,JNJ,JOHNSON & JOHNSON,104.57,1755907,-0.033995
22111,20150130,JNJ,JOHNSON & JOHNSON,100.14,1950510,-0.042364
22111,20150227,JNJ,JOHNSON & JOHNSON,102.51,1913681,0.030657
22111,20150331,JNJ,JOHNSON & JOHNSON,100.6,1774645,-0.018632
22111,20150430,JNJ,JOHNSON & JOHNSON,99.2,1715787,-0.013917
22111,20150529,JNJ,JOHNSON & JOHNSON,100.14,1437811,0.017036
22111,20150630,JNJ,JOHNSON & JOHNSON,97.46,1700235,-0.026763
22111,20150731,JNJ,JOHNSON & JOHNSON,100.21,1518357,0.028217
22111,20150831,JNJ,JOHNSON & JOHNSON,93.98,1947995,-0.054685
22111,20150930,JNJ,JOHNSON & JOHNSON,93.35,2020402,-0.006704
22111,20151030,JNJ,JOHNSON & JOHNSON,101.03,1917935,0.082271
22111,20151130,JNJ,JOHNSON & JOHNSON,101.24,1261733,0.009502
22111,20151231,JNJ,JOHNSON & JOHNSON,102.72,1620400,0.014619
